Game ID,Date,Time,Venue,Sub-Venue,Age Group,Gender,Home Team,Away Team,League,Game Type,Pattern,Paid By,Assignor Name,Notes,Assignor Notes
,May 18 2026,5:45 PM,Tee-Joe Gonzales Park,Aldridge 1,9U DYB,,7 Seed,10 Seed,,,,,,Tournament: 9 Year Old Diamond City Tournament; Game: 1,
,May 18 2026,5:45 PM,Tee-Joe Gonzales Park,Bourque 2,10U DYB,,3 Seed,6 Seed,,,,,,Tournament: 10 Year Old Diamond City Tournament; Game: 1,
,May 18 2026,5:45 PM,Tee-Joe Gonzales Park,Patterson Field,12U DYB,,6 Seed,11 Seed,,,,,,Tournament: 11/12 Year Old Diamond CityTournament; Game: 1,
,May 18 2026,7:15 PM,Tee-Joe Gonzales Park,Aldridge 1,9U DYB,,8 Seed,9 Seed,,,,,,Tournament: 9 Year Old Diamond City Tournament; Game: 2,
,May 18 2026,7:15 PM,Tee-Joe Gonzales Park,Bourque 2,10U DYB,,4 Seed,5 Seed,,,,,,Tournament: 10 Year Old Diamond City Tournament; Game: 2,
,May 18 2026,7:15 PM,Tee-Joe Gonzales Park,Patterson Field,12U DYB,,7 Seed,10 Seed,,,,,,Tournament: 11/12 Year Old Diamond CityTournament; Game: 2,
,May 18 2026,5:45 PM,Tee-Joe Gonzales Park,Berthelot Field,12U DYB,,8 Seed,9 Seed,,,,,,Tournament: 11/12 Year Old Diamond CityTournament; Game: 3,
,May 18 2026,7:15 PM,Tee-Joe Gonzales Park,Berthelot Field,12U DYB,,4 Seed,5 Seed,,,,,,Tournament: 11/12 Year Old Diamond CityTournament; Game: 4,
,May 19 2026,5:45 PM,Tee-Joe Gonzales Park,Aldridge 1,9U DYB,,1 Seed,Winner 1,,,,,,Tournament: 9 Year Old Diamond City Tournament; Game: 4,
,May 19 2026,7:15 PM,Tee-Joe Gonzales Park,Aldridge 1,9U DYB,,4 Seed,5 Seed,,,,,,Tournament: 9 Year Old Diamond City Tournament; Game: 5,
,May 19 2026,5:45 PM,Tee-Joe Gonzales Park,Patterson Field,12U DYB,,3 Seed,Winner 2,,,,,,Tournament: 11/12 Year Old Diamond CityTournament; Game: 5,
,May 19 2026,5:45 PM,Tee-Joe Gonzales Park,Bourque 2,9U DYB,,3 Seed,6 Seed,,,,,,Tournament: 9 Year Old Diamond City Tournament; Game: 6,
,May 19 2026,7:15 PM,Tee-Joe Gonzales Park,Patterson Field,12U DYB,,2 Seed,Winner 1,,,,,,Tournament: 11/12 Year Old Diamond CityTournament; Game: 6,
,May 19 2026,7:15 PM,Tee-Joe Gonzales Park,Bourque 2,9U DYB,,2 Seed,Winner 2,,,,,,Tournament: 9 Year Old Diamond City Tournament; Game: 7,
,May 19 2026,6:30 PM,Tee-Joe Gonzales Park,Berthelot Field,12U DYB,,1 Seed,Winner 3,,,,,,Tournament: 11/12 Year Old Diamond CityTournament; Game: 7,
,May 20 2026,5:45 PM,Tee-Joe Gonzales Park,Bourque 2,9U DYB,,Winner 4,Winner 5,,,,,,Tournament: 9 Year Old Diamond City Tournament; Game: 8,
,May 20 2026,5:45 PM,Tee-Joe Gonzales Park,Berthelot Field,10U DYB,,1 Seed,Winner 1,,,,,,Tournament: 10 Year Old Diamond City Tournament; Game: 3,
,May 20 2026,5:45 PM,Tee-Joe Gonzales Park,Patterson Field,12U DYB,,Winner 7,Winner 4,,,,,,Tournament: 11/12 Year Old Diamond CityTournament; Game: 8,
,May 20 2026,7:15 PM,Tee-Joe Gonzales Park,Bourque 2,9U DYB,,Winner 6,Winner 7,,,,,,Tournament: 9 Year Old Diamond City Tournament; Game: 9,
,May 20 2026,7:15 PM,Tee-Joe Gonzales Park,Berthelot Field,10U DYB,,2 Seed,Winner 2,,,,,,Tournament: 10 Year Old Diamond City Tournament; Game: 4,
,May 20 2026,7:15 PM,Tee-Joe Gonzales Park,Patterson Field,12U DYB,,Winner 5,Winner 6,,,,,,Tournament: 11/12 Year Old Diamond CityTournament; Game: 9,
,May 21 2026,5:45 PM,Tee-Joe Gonzales Park,Bourque 2,9U DYB,,Loser 8,Loser 9,,,,,,Tournament: 9 Year Old Diamond City Tournament; Game: 10,
,May 21 2026,5:45 PM,Tee-Joe Gonzales Park,Berthelot Field,10U DYB,,Loser 3,Loser 4,,,,,,Tournament: 10 Year Old Diamond City Tournament; Game: 5,
,May 21 2026,5:45 PM,Tee-Joe Gonzales Park,Patterson Field,12U DYB,,Loser 8,Loser 9,,,,,,Tournament: 11/12 Year Old Diamond CityTournament; Game: 10,
,May 21 2026,7:15 PM,Tee-Joe Gonzales Park,Bourque 2,9U DYB,,Winner 8,Winner 9,,,,,,Tournament: 9 Year Old Diamond City Tournament; Game: 11,
,May 21 2026,7:15 PM,Tee-Joe Gonzales Park,Berthelot Field,10U DYB,,Winner 3,Winner 4,,,,,,Tournament: 10 Year Old Diamond City Tournament; Game: 6,
,May 21 2026,7:15 PM,Tee-Joe Gonzales Park,Patterson Field,12U DYB,,Winner 8,Winner 9,,,,,,Tournament: 11/12 Year Old Diamond CityTournament; Game: 11,
,May 18 2026,6:00 PM,Stevens Park,3,7U CP,,8 Seed,9 Seed,,,,,,Tournament: 7 Year Old Coaches Pitch Parish Tournament; Game: 1,
,May 18 2026,6:00 PM,Stevens Park,4,8U CP,,8 Seed,9 Seed,,,,,,Tournament: 8 Year Old Coaches Pitch Parish Tournament; Game: 1,
,May 18 2026,7:15 PM,Stevens Park,3,7U CP,,7 Seed,10 Seed,,,,,,Tournament: 7 Year Old Coaches Pitch Parish Tournament; Game: 2,
,May 18 2026,7:15 PM,Stevens Park,4,8U CP,,7 Seed,10 Seed,,,,,,Tournament: 8 Year Old Coaches Pitch Parish Tournament; Game: 2,
,May 19 2026,6:00 PM,Stevens Park,3,7U CP,,1st Seed,Winner Game 1,,,,,,Tournament: 7 Year Old Coaches Pitch Parish Tournament; Game: 3,
,May 19 2026,6:00 PM,Stevens Park,Field 2,8U CP,,1st Seed,Winner Game 1,,,,,,Tournament: 8 Year Old Coaches Pitch Parish Tournament; Game: 3,
,May 19 2026,6:00 PM,Stevens Park,Stevens 5,6U CP,,2 Seed,3 seed,,,,,,Tournament: 6 Year Old Coaches Pitch Parish Tournament; Game: 1,
,May 19 2026,7:15 PM,Stevens Park,3,7U CP,,4 Seed,5 Seed,,,,,,Tournament: 7 Year Old Coaches Pitch Parish Tournament; Game: 4,
,May 19 2026,7:15 PM,Stevens Park,Field 2,8U CP,,4 Seed,5 Seed,,,,,,Tournament: 8 Year Old Coaches Pitch Parish Tournament; Game: 4,
,May 19 2026,7:15 PM,Stevens Park,Stevens 5,6U CP,,1 Seed,4 Seed,,,,,,Tournament: 6 Year Old Coaches Pitch Parish Tournament; Game: 2,
,May 19 2026,6:00 PM,Stevens Park,4,7U CP,,3 Seed,6 Seed,,,,,,Tournament: 7 Year Old Coaches Pitch Parish Tournament; Game: 5,
,May 19 2026,6:00 PM,Stevens Park,6,8U CP,,3 Seed,6 Seed,,,,,,Tournament: 8 Year Old Coaches Pitch Parish Tournament; Game: 5,
,May 19 2026,7:15 PM,Stevens Park,4,7U CP,,2nd Seed,Winner Game 2,,,,,,Tournament: 7 Year Old Coaches Pitch Parish Tournament; Game: 6,
,May 19 2026,7:15 PM,Stevens Park,6,8U CP,,2nd Seed,Winner Game 2,,,,,,Tournament: 8 Year Old Coaches Pitch Parish Tournament; Game: 6,
,May 20 2026,6:00 PM,Stevens Park,3,7U CP,,Winner 3,Winner 4,,,,,,Tournament: 7 Year Old Coaches Pitch Parish Tournament; Game: 7,
,May 20 2026,6:00 PM,Stevens Park,4,8U CP,,Winner 3,Winner 4,,,,,,Tournament: 8 Year Old Coaches Pitch Parish Tournament; Game: 7,
,May 20 2026,7:15 PM,Stevens Park,3,7U CP,,Winner 5,Winner 6,,,,,,Tournament: 7 Year Old Coaches Pitch Parish Tournament; Game: 8,
,May 20 2026,7:15 PM,Stevens Park,4,8U CP,,Winner 5,Winner 6,,,,,,Tournament: 8 Year Old Coaches Pitch Parish Tournament; Game: 8,
,May 20 2026,6:00 PM,Stevens Park,Field 2,7U CP,,Loser 3,Loser 4,,,,,,Tournament: 7 Year Old Coaches Pitch Parish Tournament; Game: 9,
,May 20 2026,6:00 PM,Stevens Park,Field 1,8U CP,,Loser 3,Loser 4,,,,,,Tournament: 8 Year Old Coaches Pitch Parish Tournament; Game: 9,
,May 20 2026,7:15 PM,Stevens Park,Field 2,7U CP,,Loser 5,Loser 6,,,,,,Tournament: 7 Year Old Coaches Pitch Parish Tournament; Game: 10,
,May 20 2026,7:15 PM,Stevens Park,Field 1,8U CP,,Loser 5,Loser 6,,,,,,Tournament: 8 Year Old Coaches Pitch Parish Tournament; Game: 10,
,May 20 2026,6:00 PM,Stevens Park,6,7U CP,,Loser 1,Loser 2,,,,,,Tournament: 7 Year Old Coaches Pitch Parish Tournament; Game: 11,
,May 20 2026,7:15 PM,Stevens Park,6,8U CP,,Loser 1,Loser 2,,,,,,Tournament: 8 Year Old Coaches Pitch Parish Tournament; Game: 11,
,May 21 2026,6:00 PM,Stevens Park,Stevens 5,6U CP,,Loser 1,Loser 2,,,,,,Tournament: 6 Year Old Coaches Pitch Parish Tournament; Game: 3,
,May 21 2026,6:00 PM,Stevens Park,3,7U CP,,Winner 7,Winner 8,,,,,,Tournament: 7 Year Old Coaches Pitch Parish Tournament; Game: 12,
,May 21 2026,7:15 PM,Stevens Park,3,8U CP,,Winner 7,Winner 8,,,,,,Tournament: 8 Year Old Coaches Pitch Parish Tournament; Game: 12,
,May 21 2026,7:15 PM,Stevens Park,Stevens 5,6U CP,,Winner 1,Winner 2,,,,,,Tournament: 6 Year Old Coaches Pitch Parish Tournament; Game: 4,
,May 21 2026,6:00 PM,Stevens Park,4,7U CP,,Loser 7,Loser 8,,,,,,Tournament: 7 Year Old Coaches Pitch Parish Tournament; Game: 13,
,May 21 2026,7:15 PM,Stevens Park,4,8U CP,,Loser 7,Loser 8,,,,,,Tournament: 8 Year Old Coaches Pitch Parish Tournament; Game: 13,
,May 18 2026,5:45 PM,Roger J. Clouatre Memorial Park,Clouatre 1,14U DBB,,2 Seed,3 seed,,,,,,Tournament: 13-14 Year Old DBB Parish Tournament; Game: 1,
,May 18 2026,5:45 PM,Roger J. Clouatre Memorial Park,Clouatre 2,16U DBB,,2 Seed,3 seed,,,,,,Tournament: 15-17 Year Old Dixie Pre Majors Parish Tournament; Game: 1,
,May 18 2026,7:15 PM,Roger J. Clouatre Memorial Park,Clouatre 1,14U DBB,,1 Seed,4 Seed,,,,,,Tournament: 13-14 Year Old DBB Parish Tournament; Game: 2,
,May 18 2026,7:15 PM,Roger J. Clouatre Memorial Park,Clouatre 2,16U DBB,,1 Seed,4 Seed,,,,,,Tournament: 15-17 Year Old Dixie Pre Majors Parish Tournament; Game: 2,
,May 20 2026,5:45 PM,Roger J. Clouatre Memorial Park,Clouatre 1,14U DBB,,Loser 1,Loser 2,,,,,,Tournament: 13-14 Year Old DBB Parish Tournament; Game: 3,
,May 20 2026,5:45 PM,Roger J. Clouatre Memorial Park,Clouatre 2,16U DBB,,Loser 1,Loser 2,,,,,,Tournament: 15-17 Year Old Dixie Pre Majors Parish Tournament; Game: 3,
,May 20 2026,7:15 PM,Roger J. Clouatre Memorial Park,Clouatre 1,14U DBB,,Winner 1,Winner 2,,,,,,Tournament: 13-14 Year Old DBB Parish Tournament; Game: 4,
,May 20 2026,7:15 PM,Roger J. Clouatre Memorial Park,Clouatre 2,16U DBB,,Winner 1,Winner 2,,,,,,Tournament: 15-17 Year Old Dixie Pre Majors Parish Tournament; Game: 4,
